{"name":"57ce957e-28a8-469f-a6e0-6956a4847cbd","id":"/providers/Microsoft.Flow/flows/57ce957e-28a8-469f-a6e0-6956a4847cbd","type":"Microsoft.Flow/flows","properties":{"apiId":"/providers/Microsoft.PowerApps/apis/shared_logicflows","displayName":"PA0002_MonitorIncomingEmails","definition":{"metadata":{"workflowEntityId":null,"processAdvisorMetadata":null,"flowChargedByPaygo":null,"flowclientsuspensionreason":"None","flowclientsuspensiontime":null,"flowclientsuspensionreasondetails":null,"creator":{"id":"3e9ca672-513c-4054-a6f9-55aac7839cc0","type":"User","tenantId":"0ac02500-802f-4a4c-bad2-7cd68064d701"},"provisioningMethod":"FromDefinition","failureAlertSubscription":true,"clientLastModifiedTime":"2025-10-14T08:58:30.1163473Z","connectionKeySavedTimeKey":"2025-10-14T08:58:30.1163473Z","creationSource":"Portal","modifiedSources":"Portal"},"$schema":"https://schema.management.azure.com/providers/Microsoft.Logic/schemas/2016-06-01/workflowdefinition.json#","contentVersion":"1.0.0.0","parameters":{"$authentication":{"defaultValue":{},"type":"SecureObject"},"$connections":{"defaultValue":{},"type":"Object"}},"triggers":{"When_a_new_email_arrives_(V3)":{"splitOn":"@triggerOutputs()?['body/value']","metadata":{"Id::AAMkAGU4ODFiNWMxLTRmZDQtNDNjYi04MjY5LTVjNjhkNjBjODk2MAAuAAAAAAD53wtM1mv9Qb-WThCYhUchAQB2ezl-xpXtSbbfzA2jflONAAAAzxXLAAA=":"Learning","operationMetadataId":"bcfd01c9-c4fe-49b1-b705-29222f9979f0"},"type":"OpenApiConnectionNotification","inputs":{"parameters":{"from":"sunil-sridhar@outlook.com","includeAttachments":true,"subjectFilter":"Daily Report","importance":"Any","fetchOnlyWithAttachment":true,"folderPath":"Id::AAMkAGU4ODFiNWMxLTRmZDQtNDNjYi04MjY5LTVjNjhkNjBjODk2MAAuAAAAAAD53wtM1mv9Qb-WThCYhUchAQB2ezl-xpXtSbbfzA2jflONAAAAzxXLAAA="},"host":{"apiId":"/providers/Microsoft.PowerApps/apis/shared_office365","connectionName":"shared_office365","operationId":"OnNewEmailV3"},"authentication":"@parameters('$authentication')"}}},"actions":{"For_each":{"foreach":"@triggerOutputs()?['body/attachments']","actions":{"Create_file":{"metadata":{"operationMetadataId":"b181e275-d0a4-47e1-b64b-c6370fb1693f"},"type":"OpenApiConnection","inputs":{"parameters":{"dataset":"https://sharepoint.com/sites/MySite","folderPath":"/Shared Documents/Power Automate","name":"@item()?['name']","body":"@item()?['contentBytes']"},"host":{"apiId":"/providers/Microsoft.PowerApps/apis/shared_sharepointonline","connectionName":"shared_sharepointonline","operationId":"CreateFile"},"authentication":"@parameters('$authentication')"},"runtimeConfiguration":{"contentTransfer":{"transferMode":"Chunked"}}}},"runAfter":{},"metadata":{"operationMetadataId":"194eec27-c65e-4eab-9961-da8ccfd3e67e"},"type":"Foreach"}},"outputs":{}},"connectionReferences":{"shared_office365":{"connectionName":"shared-office365-7ef025e7-6d8c-4ea3-a65b-08ef7b624efa","source":"Embedded","id":"/providers/Microsoft.PowerApps/apis/shared_office365","tier":"NotSpecified","apiName":"office365","isProcessSimpleApiReferenceConversionAlreadyDone":false},"shared_sharepointonline":{"connectionName":"shared-sharepointonl-482b2a4b-2da8-4685-ad3b-40a2481c53bd","source":"Embedded","id":"/providers/Microsoft.PowerApps/apis/shared_sharepointonline","tier":"NotSpecified","apiName":"sharepointonline","isProcessSimpleApiReferenceConversionAlreadyDone":false}},"flowFailureAlertSubscribed":false,"isManaged":false}}