{"name":"ab0b05aa-a911-4549-bd53-bf9c93aefc92","id":"/providers/Microsoft.Flow/flows/ab0b05aa-a911-4549-bd53-bf9c93aefc92","type":"Microsoft.Flow/flows","properties":{"apiId":"/providers/Microsoft.PowerApps/apis/shared_logicflows","displayName":"PA0003_HTTPWebhookTest","definition":{"metadata":{"workflowEntityId":null,"processAdvisorMetadata":null,"flowChargedByPaygo":null,"flowclientsuspensionreason":"None","flowclientsuspensiontime":null,"flowclientsuspensionreasondetails":null,"creator":{"id":"3e9ca672-513c-4054-a6f9-55aac7839cc0","type":"User","tenantId":"0ac02500-802f-4a4c-bad2-7cd68064d701"},"provisioningMethod":"FromDefinition","failureAlertSubscription":true,"clientLastModifiedTime":"2025-10-29T10:10:06.1980121Z","connectionKeySavedTimeKey":"2025-10-29T10:10:06.1980121Z","creationSource":"Portal","modifiedSources":"Portal"},"$schema":"https://schema.management.azure.com/providers/Microsoft.Logic/schemas/2016-06-01/workflowdefinition.json#","contentVersion":"undefined","parameters":{"$authentication":{"defaultValue":{},"type":"SecureObject"},"$connections":{"defaultValue":{},"type":"Object"}},"triggers":{"manual":{"type":"Request","kind":"Button","inputs":{"schema":{"type":"object","properties":{},"required":[]}}}},"actions":{"HTTP_Webhook":{"runAfter":{},"type":"HttpWebhook","inputs":{"subscribe":{"method":"POST","uri":"https://webhook.site/f2e291b3-0aad-469b-b52d-2ef48dff37c3","body":{"message":"Webhook subscription registered","callback":"@{listCallbackUrl()}"},"headers":{"Content-Type":"application/json"}},"unsubscribe":{"body":{"message":"Webhook unsubscribed","callback":"@{listCallbackUrl()}"},"method":"POST","uri":"https://webhook.site/f2e291b3-0aad-469b-b52d-2ef48dff37c3","headers":{"Content-Type":"application/json"}}}}}},"connectionReferences":{},"flowFailureAlertSubscribed":false,"isManaged":false}}