{"name":"026c6970-f07f-4650-b4c9-0630c2639bcd","id":"/providers/Microsoft.Flow/flows/026c6970-f07f-4650-b4c9-0630c2639bcd","type":"Microsoft.Flow/flows","properties":{"apiId":"/providers/Microsoft.PowerApps/apis/shared_logicflows","displayName":"PA0001_SendEmailToCustomers","definition":{"metadata":{"workflowEntityId":null,"processAdvisorMetadata":null,"flowChargedByPaygo":null,"flowclientsuspensionreason":"None","flowclientsuspensiontime":null,"flowclientsuspensionreasondetails":null,"creator":{"id":"3e9ca672-513c-4054-a6f9-55aac7839cc0","type":"User","tenantId":"0ac02500-802f-4a4c-bad2-7cd68064d701"},"provisioningMethod":"FromDefinition","failureAlertSubscription":true,"clientLastModifiedTime":"2025-10-14T06:39:09.5089896Z","connectionKeySavedTimeKey":"2025-10-14T06:39:09.5089896Z","creationSource":"Portal","modifiedSources":"Portal"},"$schema":"https://schema.management.azure.com/providers/Microsoft.Logic/schemas/2016-06-01/workflowdefinition.json#","contentVersion":"undefined","parameters":{"$authentication":{"defaultValue":{},"type":"SecureObject"},"$connections":{"defaultValue":{},"type":"Object"}},"triggers":{"Recurrence":{"recurrence":{"frequency":"Day","interval":1,"timeZone":"India Standard Time","schedule":{"hours":["10"],"minutes":[0]}},"evaluatedRecurrence":{"frequency":"Day","interval":1,"timeZone":"India Standard Time","schedule":{"hours":["10"],"minutes":[0]}},"type":"Recurrence"}},"actions":{"List_rows_present_in_a_table":{"runAfter":{},"metadata":{"01IUL3BEYHJAGNPU4AA5FJO5HHPHTPJ6U2":"/Documents/Sunil/6. Learnings/01. Power Automate/01. AA01_Excel+Email/Customer Details.xlsx","tableId":"{99393AC3-9B7C-48F1-A823-6F038FF7F295}"},"type":"OpenApiConnection","inputs":{"parameters":{"source":"me","drive":"b!WzAlsXTyPk6IBMgT5ZASba2-xFCceqJMuFFnvjU0-BA1BQ0CkMEVS4x6U5-uzfUh","file":"01IUL3BEYHJAGNPU4AA5FJO5HHPHTPJ6U2","table":"{99393AC3-9B7C-48F1-A823-6F038FF7F295}"},"host":{"apiId":"/providers/Microsoft.PowerApps/apis/shared_excelonlinebusiness","connectionName":"shared_excelonlinebusiness","operationId":"GetItems"},"authentication":"@parameters('$authentication')"},"description":""},"Apply_to_each":{"foreach":"@outputs('List_rows_present_in_a_table')?['body/value']","actions":{"Send_an_email_(V2)":{"type":"OpenApiConnection","inputs":{"parameters":{"emailMessage/To":"@items('Apply_to_each')?['Contact Email']","emailMessage/Subject":"Learning | Power Automate | Test","emailMessage/Body":"<p class=\"editor-paragraph\">Hi @{items('Apply_to_each')?['First Name']} @{items('Apply_to_each')?['Last Name']}</p><br><p class=\"editor-paragraph\">test</p><br><p class=\"editor-paragraph\">Best Regards,</p><p class=\"editor-paragraph\">Power Flow</p>","emailMessage/Importance":"Normal"},"host":{"apiId":"/providers/Microsoft.PowerApps/apis/shared_office365","connectionName":"shared_office365","operationId":"SendEmailV2"},"authentication":"@parameters('$authentication')"},"description":"Send an email to the address in the 'Contact Email' column for each row in the Excel table."}},"runAfter":{"List_rows_present_in_a_table":["Succeeded"]},"type":"Foreach"}}},"connectionReferences":{"shared_excelonlinebusiness":{"connectionName":"shared-excelonlinebu-76ac38d4-5dc4-4c9c-b757-abb7f6e89820","source":"Embedded","id":"/providers/Microsoft.PowerApps/apis/shared_excelonlinebusiness","tier":"NotSpecified","apiName":"excelonlinebusiness","isProcessSimpleApiReferenceConversionAlreadyDone":false},"shared_office365":{"connectionName":"shared-office365-7ef025e7-6d8c-4ea3-a65b-08ef7b624efa","source":"Embedded","id":"/providers/Microsoft.PowerApps/apis/shared_office365","tier":"NotSpecified","apiName":"office365","isProcessSimpleApiReferenceConversionAlreadyDone":false}},"flowFailureAlertSubscribed":false,"isManaged":false}}